,No_of_features,Mean_score,SD_score
0,1,0.6409122807017543,0.022922353445339542
0,2,0.6516140350877193,0.03284038082142401
0,3,0.6542105263157894,0.021286999545404355
0,4,0.651719298245614,0.025245217801652616
0,5,0.6543157894736842,0.027086628466355154
